Track name,Artist name,Album,Playlist name,Type,ISRC,Spotify - id
"Do Not Deserve To Be My Boyfriend","Xinyi Huang","Do Not Deserve To Be My Boyfriend","Favorite Songs","Favorite","AUV401201835","0u62azNs1qFUhExPj6vPHZ"
"Liekkas","Sofia Jannok","Áššogáttis: By the Embers","Favorite Songs","Favorite","SEAGA0813030","3WGhMNBudyOzDU4lU9vTiC"
"絕","Maggie Fu","傅珮嘉","Favorite Songs","Favorite","HKA619900120","2p6sSfFaPXRF8HBiQBGVKJ"
"我是如此相信","Jay Chou","最偉大的作品","Favorite Songs","Favorite","TWK971901301","01blZNS5FgyRsPJAXxvxvo"
"年轻的朋友来相会","李谷一","百年","Favorite Songs","Favorite","HKG732155863","61HPa0BnLuu3iLHHfBqeio"
"心愿（湖水是你的眼神）","方大树","心愿（湖水是你的眼神）","Favorite Songs","Favorite","QT3T42514157","3PltvggXWXWWLsz1746pol"
"有风无风皆自由 - 心若无所求女版","趣巧巧","有风无风皆自由 (心若无所求女版)","Favorite Songs","Favorite","DGA092436610","6mX1WIp3qapxSUwYouUNHp"
"匆匆那年","Faye Wong","匆匆那年","Favorite Songs","Favorite","HKH721403011","3z4leqkfSaXQPAyGwQruTe"
"睡在我上鋪的兄弟","Lao Lang","戀戀風塵","Favorite Songs","Favorite","CNZ171500473","5R0dYVYwZwRY4FXRoEmDqM"
"光陰的故事","羅大佑","之乎者也","Favorite Songs","Favorite","TWAW18200009","4qsESiC3wgGj1kXJTdICF2"
"姑娘別哭泣","柯柯柯啊","姑娘別哭泣","Favorite Songs","Favorite","HKA412300460","4CbRdt1vl6MUwEnsJieYjb"
"寂寞沙洲冷","Steve Chou","星空下的傳說","Favorite Songs","Favorite","TWA750500203","7IcHz4fREJdi4VeoObI1Uh"
"忘不掉的伤","姜玉阳","丢了幸福的猪","Favorite Songs","Favorite","HKD012387590","22onFCEqxtVzULiP80IQuK"
"烟雨唱扬州 - 浅影版","浅影阿","烟雨唱扬州 (浅影版)","Favorite Songs","Favorite","HKG731681962","5XmgtdZDVFWElRMi2dLLNm"
"无名的人 - Live","孙楠","声生不息.家年华 (第三期 live)","Favorite Songs","Favorite","FR59R2545043","0nK0BoVX0aVZSYqbepEwjl"
"無名的人（電影《雄獅少年》主題曲）","Mao Buyi","無名的人（電影《雄獅少年》主題曲）","Favorite Songs","Favorite","CNZ512100532","72kP6AJqsEeSLkO640Tu7F"
"珊瑚海","Jay Chou","11月的蕭邦","Favorite Songs","Favorite","TWK970500912","3Qj9Fy8BPbWmICTiNkuqB7"
"青花瓷","Jay Chou","我很忙","Favorite Songs","Favorite","TWK970701303","10VuSw48iPN2UK2xX9Y6P0"
"一路向北","Jay Chou","11月的蕭邦","Favorite Songs","Favorite","TWK970500902","7KoqEF76fGnDYdxTSHLxcm"
"迷迭香","Jay Chou","依然范特西","Favorite Songs","Favorite","TWK970601109","08UbjiZr2t2CAuwR9mWFXg"
"當年情","Leslie Cheung","愛慕","Favorite Songs","Favorite","HKE059929217","4FPg984neDrmZI9gdtO2MX"
"風繼續吹","Leslie Cheung","風繼續吹","Favorite Songs","Favorite","HKE050132316","5RLv04XXxe0Nc4W7DTBJGT"
"有誰共鳴","Leslie Cheung","張國榮","Favorite Songs","Favorite","HKE050132308","67EvFED20jCOsM5Q1pghz7"
"MY ALL","Ayumi Hamasaki","GUILTY","Favorite Songs","Favorite","JPB600767708","6k4xd963iPaquBsEaUlIMj"
"飄洋過海來看你","娃娃","愛的代價 李宗盛愛情論","Favorite Songs","Favorite","TWA459129501","17O9Ltk9SmrLPB2BBOC0Tx"
"擱淺","Jay Chou","七里香","Favorite Songs","Favorite","TWK970400706","0cOMncRq4cmDLO4tPQnkBF"
"木棉道","南方二重唱","回歸線(4)溫柔的慈悲","Favorite Songs","Favorite","TWDK50303027","6IChZntFvJhUm8RInSe9QJ"
"想飛","南方二重唱","回歸線(4)溫柔的慈悲","Favorite Songs","Favorite","TWDK50303025","6ZdlpXxgXozkCjgszez2qe"
"溫柔的慈悲","南方二重唱","回歸線(4)溫柔的慈悲","Favorite Songs","Favorite","TWDK50303021","1uT8wpxrvRjn3WGbPf5ZDZ"
"你的淺笑","David Lui","我愛經典系列 - 呂方 (Lui Fong)","Favorite Songs","Favorite","HKI499105102","2jcLegjejfrkYWaKUuwEdN"
"流浪花","David Lui","我愛經典系列 - 呂方 (Lui Fong)","Favorite Songs","Favorite","HKI499405201","0OUHxo0QdzKkX7hSG2ZmgI"
"求妳講清楚","David Lui","求你講清楚 (華星40系列)","Favorite Songs","Favorite","HKE051100103","0LCS0YdiuCYNl5tWr2Qd9o"
"暮色回响 - Live","Zhang Bichen","天赐的声音第五季 第10期 (Live)","Favorite Songs","Favorite","HKG732429442","1oIIg8CGkGCvLrAGF416En"
"听说你 - Live","Aska Yang","天赐的声音第五季 第4期 (Live)","Favorite Songs","Favorite","HKG732429644","5AUcgL6afQuIFvqjZ9t4Xd"
"Tattoo","LABACK","Tattoo","Favorite Songs","Favorite","QZZ7U2482666","6JrDf99redrKiFpsbXnzVH"
"Monkeys","AckorensenD","Monkeys","Favorite Songs","Favorite","QZMZ92365187","7dV8hajYNIF8lezbl9xuFo"
"左邊","Rainie Yang","遇上愛","Favorite Songs","Favorite","TWA470602007","4NpEzn8OrAVgn97DiET2Gk"
"雨愛","Rainie Yang","雨愛","Favorite Songs","Favorite","TWA470915001","553GNiNqcudWfsF55RBDqz"
"三國戀","TANK 呂建忠","Fighting!生存之道","Favorite Songs","Favorite","TWD950522103","45YBp3MQVDaQEQnRPDXfpf"
"不谓侠 (DJ版)","小阿七","不谓侠 (DJ版)","Favorite Songs","Favorite","QT3F42564411","5tJRRPBTwiILsjpM4fPEZf"
"巅峰之上","Mao Buyi","全职高手OST","Favorite Songs","Favorite","HKG731876217","5zPy0VB1QzNaPH7DvS8loY"
"情意結","Priscilla Chan","情意結","Favorite Songs","Favorite","HKA610300274","34NS3jUxkoFdfGoRYjL1R7"
"再回首 - 烟嗓女声版","澪恩Seiwen","再回首 (烟嗓女声版)","Favorite Songs","Favorite","QMFMF2559218","1Zfybxhr9XqcLUqDNqyw1P"
"到不了","李代沫","我的歌聲裡","Favorite Songs","Favorite","TWO131300803","16dMNwTVKpDmGRGrvTMQUI"
"下半生（粤语版）","郭宴","下半生","Favorite Songs","Favorite","HKD012510231","6qI4LVZ7ebGXXCbueLAjvp"
"京燕 （北京大学120周年纪念版）","Sirui Li","京燕 （北京大学120周年纪念版）","Favorite Songs","Favorite","TCAFE2072689","5DiCZ8Z5LfVXbdRWKLDSkz"
"Go West","Pet Shop Boys","90s Pride","Favorite Songs","Favorite","GBCEW0300002","0D2t9hxLR86LXCTjSngqyC"
"再也不是你","杨小壮","再也不是你","Favorite Songs","Favorite","HKG731907739","4XO93qTkhJHcWOyzH1KtWi"
"秋天不回来","王强","秋天不回来","Favorite Songs","Favorite","HKG732297768","0mpB3I3ZTj9A0fzFbAZLjU"
"这条街","云菲菲","一路有你车载金唱盘 (女人篇)","Favorite Songs","Favorite","HKD012388891","2zmFBIS3AX6X9LFWNsKZhr"
"牧馬城市","Mao Buyi","牧馬城市 電視劇《老男孩》片尾曲","Favorite Songs","Favorite","TWD251858901","08W9xnl8Svx7Hynif9kGvw"
"最美的瞬間","真瑞","最美的瞬間","Favorite Songs","Favorite","TWDL72103037","2HKcd71rCH5e5wztv8EO32"
"可以不是你","张远","可以不是你","Favorite Songs","Favorite","FRX872495072","5dcQj27je0qwIHShygEOuv"
"后来你娶的人","洋澜一","后来你娶的人","Favorite Songs","Favorite","HKG732508550","4k0XwGzLO6i2quFuE9LBGq"
"余香 年年 - 女生版","张小九","余香 年年 (女生版)","Favorite Songs","Favorite","HKG731803027","3WnvpgO4bmDZTRdQAJ4ZnD"
"回心轉意","Phil Chang","溫古知新","Favorite Songs","Favorite","TWB439713021","7ueQm4VW7dOkWSJawYDJgi"
"十面埋伏","Eason Chan","The Best Moment","Favorite Songs","Favorite","hkd250319003","1GGYvJLKa2iOzwcknmQg3D"
"失憶蝴蝶","Eason Chan","The Key","Favorite Songs","Favorite","HKJ631304006","5fq6ZlTOzJtiO40yPC2NIg"
"梦里水乡","江珊","中国原创金曲","Favorite Songs","Favorite","FRX202229810","34uf70LljncACfCABAdSoA"
"我記得你眼裡的依戀","Wanfang","真情","Favorite Songs","Favorite","TWA459234601","4MAIZa8u8Cp5T5wGeLzHTY"
"我記得","Zhao Lei","署前街少年","Favorite Songs","Favorite","CNZ882302263","3kRqPJNln83S7G0dZGKBVd"
"我記得你眼裡的依戀","音樂磁場","音樂磁場10-國語經典名曲","Favorite Songs","Favorite","TWA330301002","0gfMlMdQiygwio3JtjOqX2"
"分手在那个秋天","浩瀚","分手在那个秋天","Favorite Songs","Favorite","FRX452244689","6rJHKR4uZpfD73R16CEk9c"
"感动天感动地","Yu Tong Fei","与你同飞","Favorite Songs","Favorite","FR10S2465779","0b5r3fH1Py9hYfSnhphNmJ"
"一万个理由","郑源","真的用心良苦","Favorite Songs","Favorite","HKG732134052","35Kv04S1ap66CI192EFjTt"
"你離開了南京，從此沒有人和我說話","李志","梵高先生","Favorite Songs","Favorite","CNZ501801341","67eMv1wT1yXhW9jrCPGIVD"
"理由 - Live","趙紫驊","2020中国好声音 第4期 (Live)","Favorite Songs","Favorite","HKG732124348","0oJ7sq95WsG08MTtWpUf4v"
"如風","Faye Wong","極品天碟 王菲 (1)","Favorite Songs","Favorite","HKG079900357","16iKCsFaIoRHJWKrkaujly"
"理想三旬","陳鴻宇","浓烟下的诗歌电台","Favorite Songs","Favorite","HKG732122115","0pCx1pXDddmuhcsMXGurwD"
"You Come and Go","DANY CARL","You Come and Go","Favorite Songs","Favorite","QZNJZ2448292","4gZ98FhgSstyKQ1My4sy4t"
"如何掉眼淚 - Live","Sammi Cheng","You & Mi 鄭秀文世界巡迴演唱會 (Live)","Favorite Songs","Favorite","HKH612500026","4ctwsHlRu0pkWSCwardW5B"
"情人劫","Lao Lang","北京的冬天","Favorite Songs","Favorite","HKE670700223","6psLHlOFNWcNyeB3ph8nE0"
"黑暗中漫舞","Eason Chan","Shall We Dance? Shall We Talk!","Favorite Songs","Favorite","hkh090112513","516DXU8sYL46s1HQE2rx9r"
"晴天","Jay Chou","葉惠美","Favorite Songs","Favorite","TWK970300503","5pIcwtJYNJx93l420oR2Vm"
"骇河街","四熹丸子","骇河街","Favorite Songs","Favorite","FR96X2508058","3EhMyZVwoNpWVyfEeh9sOU"
"The Ludlows (From ""Legends Of The Fall"" Soundtrack)","James Horner","Legends Of The Fall Original Motion Picture Soundtrack","Favorite Songs","Favorite","USSM10017402","6vtY2LUeXJ7KISwgiTu0Ph"
"關於鄭州的記憶","李志","你好,鄭州","Favorite Songs","Favorite","CNZ501801304","1wFROudevSHtz7NegT9GeX"
"不要問我過的好不好","南方二重唱","金選集","Favorite Songs","Favorite","TWA330302502","60dn8uwQ7XUAcpRthT9TXz"
"不谓侠","萧忆情","不谓侠","Favorite Songs","Favorite","HKD012387564","4TFnF3h9IJYZXPdo5EGJn8"
"不谓侠 - Dj阿布版","于春洋","不谓侠","Favorite Songs","Favorite","FR2X42557543","6i6rY5ZpqRehiGFOCKk4qS"
"是你 - Live","Jane Zhang","天赐的声音第四季 (第5期Live)","Favorite Songs","Favorite","HKD012301163","47qRVFSWe652gcUjco279e"
"逝","Summer Lei","2003逝","Favorite Songs","Favorite","TWA470342001","2RtK2Iw7AWOhKANuC1SBuC"
"东北民谣","Mao Buyi","小王","Favorite Songs","Favorite","TWU711905606","0ql5cK3jTjKGctHJ6HvAJG"
"南方 南方","张小九","南方 南方","Favorite Songs","Favorite","QZZ972334125","4xKYpuHHSsLDcbJTCqWt4R"
"程艾影","Zhao Lei","署前街少年","Favorite Songs","Favorite","CNZ882302274","3rKkFDJMRyLfcBjppFEpyB"
"暮色回响 - 电影《默杀》推广曲","张韶涵","暮色回响 (电影《默杀》推广曲)","Favorite Songs","Favorite","DGA072444206","34lHeTk1cdLlQLJgmqSY9y"